plotId,external_id,Area,Geometry_type,Country,ProducerCountry,Admin_Level_1,Centroid_lon,Centroid_lat,Unit,In_waterbody,EUFO_2020,GLAD_Primary,TMF_undist,JAXA_FNF_2020,GFC_TC_2020,Forest_FDaP,ESA_TC_2020,TMF_plant,Oil_palm_Descals,Oil_palm_FDaP,Cocoa_FDaP,Cocoa_ETH,Cocoa_bnetd,Rubber_FDaP,Rubber_RBGE,Soy_Song_2020,TMF_def_2000,TMF_def_2001,TMF_def_2002,TMF_def_2003,TMF_def_2004,TMF_def_2005,TMF_def_2006,TMF_def_2007,TMF_def_2008,TMF_def_2009,TMF_def_2010,TMF_def_2011,TMF_def_2012,TMF_def_2013,TMF_def_2014,TMF_def_2015,TMF_def_2016,TMF_def_2017,TMF_def_2018,TMF_def_2019,TMF_def_2020,TMF_def_2021,TMF_def_2022,TMF_def_2023,TMF_deg_2000,TMF_deg_2001,TMF_deg_2002,TMF_deg_2003,TMF_deg_2004,TMF_deg_2005,TMF_deg_2006,TMF_deg_2007,TMF_deg_2008,TMF_deg_2009,TMF_deg_2010,TMF_deg_2011,TMF_deg_2012,TMF_deg_2013,TMF_deg_2014,TMF_deg_2015,TMF_deg_2016,TMF_deg_2017,TMF_deg_2018,TMF_deg_2019,TMF_deg_2020,TMF_deg_2021,TMF_deg_2022,TMF_deg_2023,GFC_loss_year_2001,GFC_loss_year_2002,GFC_loss_year_2003,GFC_loss_year_2004,GFC_loss_year_2005,GFC_loss_year_2006,GFC_loss_year_2007,GFC_loss_year_2008,GFC_loss_year_2009,GFC_loss_year_2010,GFC_loss_year_2011,GFC_loss_year_2012,GFC_loss_year_2013,GFC_loss_year_2014,GFC_loss_year_2015,GFC_loss_year_2016,GFC_loss_year_2017,GFC_loss_year_2018,GFC_loss_year_2019,GFC_loss_year_2020,GFC_loss_year_2021,GFC_loss_year_2022,GFC_loss_year_2023,RADD_year_2019,RADD_year_2020,RADD_year_2021,RADD_year_2022,RADD_year_2023,RADD_year_2024,RADD_year_2025,ESA_fire_2001,ESA_fire_2002,ESA_fire_2003,ESA_fire_2004,ESA_fire_2005,ESA_fire_2006,ESA_fire_2007,ESA_fire_2008,ESA_fire_2009,ESA_fire_2010,ESA_fire_2011,ESA_fire_2012,ESA_fire_2013,ESA_fire_2014,ESA_fire_2015,ESA_fire_2016,ESA_fire_2017,ESA_fire_2018,ESA_fire_2019,ESA_fire_2020,MODIS_fire_2000,MODIS_fire_2001,MODIS_fire_2002,MODIS_fire_2003,MODIS_fire_2004,MODIS_fire_2005,MODIS_fire_2006,MODIS_fire_2007,MODIS_fire_2008,MODIS_fire_2009,MODIS_fire_2010,MODIS_fire_2011,MODIS_fire_2012,MODIS_fire_2013,MODIS_fire_2014,MODIS_fire_2015,MODIS_fire_2016,MODIS_fire_2017,MODIS_fire_2018,MODIS_fire_2019,MODIS_fire_2020,MODIS_fire_2021,MODIS_fire_2022,MODIS_fire_2023,MODIS_fire_2024,MODIS_fire_2025,TMF_deg_before_2020,TMF_def_before_2020,GFC_loss_before_2020,ESA_fire_before_2020,MODIS_fire_before_2020,RADD_before_2020,TMF_deg_after_2020,TMF_def_after_2020,GFC_loss_after_2020,MODIS_fire_after_2020,RADD_after_2020,DIST_after_2020,GFT_primary,IFL_2020,European_Primary_Forest,GFT_naturally_regenerating,GFT_planted_plantation,IIASA_planted_plantation,TMF_regrowth_2023,ESRI_2023_TC,GLC_FCS30D_TC_2022,Oil_palm_2023_FDaP,Rubber_2023_FDaP,Cocoa_2023_FDaP,ESRI_2023_crop,GLC_FCS30D_crop_2022,GFW_logging,geo,Ind_01_treecover,Ind_02_commodities,Ind_03_disturbance_before_2020,Ind_04_disturbance_after_2020,Ind_05_primary_2020,Ind_06_nat_reg_forest_2020,Ind_07_planted_plantations_2020,Ind_08_planted_plantations_post_2020,Ind_09_treecover_post_2020,Ind_10_agri_post_2020,Ind_11_logging_concession,risk_pcrop,risk_acrop,risk_timber
1,,1.939,Polygon,GHA,GH,Ashanti Region,-1.6119419952259373,6.159539574278987,ha,False,0.0,0.0,0.0,1.939,0.387,0.49,1.939,0.0,0.0,1.135,0.0,0.0,0.0,0.0,0.0,0.0,0.0,0.101,0.0,0.0,0.0,0.0,0.0,0.0,0.0,0.0,0.0,0.0,0.004,0.04,0.212,0.065,0.0,0.089,0.0,0.0,0.0,0.0,0.0,0.0,0.0,0.615,0.0,0.0,0.0,0.0,0.0,0.022,0.0,0.0,0.0,0.0,0.0,0.0,0.0,0.0,0.0,0.0,0.0,0.0,0.0,0.0,0.0,0.0,0.0,0.062,0.0,0.0,0.0,0.0,0.0,0.0,0.0,0.0,0.0,0.0,0.0,0.363,0.0,0.951,0.177,0.0,0.0,0.0,0.0,0.0,0.0,0.0,0.0,0.0,0.0,0.0,0.0,0.0,0.0,0.0,0.0,0.0,0.0,0.0,0.0,0.0,0.0,0.0,0.0,0.0,0.0,0.0,0.0,0.0,0.0,0.0,0.0,0.0,0.0,0.0,0.0,0.0,0.0,0.0,0.0,0.0,0.0,0.0,0.0,0.0,0.0,0.0,0.0,0.0,0.0,0.0,0.0,0.0,0.0,0.0,0.0,0.0,0.0,0.0,0.637,0.511,1.552,0.0,0.0,0.0,0.0,0.0,0.0,0.0,0.0,,0.0,0.0,0.0,0.363,0.0,0.0,0.803,1.939,1.939,1.834,0.0,0.0,0.0,0.0,,"{'type': 'Polygon', 'coordinates': [[[-1.6128339999992942, 6.1591419999958275], [-1.6120770000040598, 6.158870000000281], [-1.6117720000012925, 6.158837999997634], [-1.611181000001821, 6.159483999997163], [-1.6112240000008857, 6.160011999995916], [-1.611739000003055, 6.160300000001769], [-1.6121739999986076, 6.160145000002424], [-1.6128119999974746, 6.159344999999142], [-1.6128339999992942, 6.1591419999958275]]]}",yes,yes,yes,no,no,yes,no,no,yes,yes,no,low,low,low
2,,4.152,Polygon,GHA,GH,Ashanti Region,-1.6447324753175234,6.104735332799037,ha,False,0.361,0.0,0.0,4.129,1.428,0.837,3.846,0.0,0.0,0.217,0.01,0.01,0.0,0.0,0.0,0.0,0.1,0.051,0.521,0.639,0.0,0.024,0.0,0.027,0.0,0.0,0.0,0.0,0.0,0.0,0.062,0.0,0.0,0.284,0.146,0.089,0.937,0.0,0.089,0.0,0.146,0.445,0.094,0.608,0.0,0.082,0.0,0.597,0.0,0.0,0.0,0.0,0.0,0.0,0.0,0.0,0.0,0.0,0.0,0.0,0.0,0.0,0.0,0.0,1.149,0.0,0.0,0.0,0.0,0.0,0.0,0.0,0.0,0.0,0.0,0.0,0.0,0.0,0.0,0.015,0.0,0.356,0.089,1.114,0.297,0.112,0.334,0.0,0.0,0.0,0.0,0.0,0.0,0.0,0.0,0.0,0.0,0.0,0.0,0.0,0.0,0.0,0.0,0.0,0.0,0.0,0.0,0.0,0.0,0.0,0.0,0.0,0.0,0.0,0.0,0.0,0.0,0.0,0.0,0.0,0.0,0.0,0.0,0.0,0.0,0.0,0.0,0.0,0.0,0.0,0.0,0.0,0.0,0.0,0.0,0.0,0.0,0.0,0.0,0.0,1.971,2.88,2.724,0.0,0.0,0.0,0.0,0.089,0.743,0.0,0.0,,0.0,0.0,0.0,0.785,0.0,0.0,0.017,4.152,4.063,0.042,0.0,0.003,0.0,0.089,,"{'type': 'Polygon', 'coordinates': [[[-1.646157999997542, 6.105181000002078], [-1.646108999997981, 6.104568000000787], [-1.645760999996149, 6.1045029999999025], [-1.6459049999990756, 6.104060999999279], [-1.645309999999273, 6.104093000001926], [-1.6441509999977406, 6.103645000000807], [-1.643378999996774, 6.1051859999980005], [-1.6436359999955714, 6.105788999998464], [-1.6441939999968054, 6.105756999995817], [-1.644295999996258, 6.105250000003293], [-1.6444840000028236, 6.104749000002282], [-1.6451109999962894, 6.105191999998496], [-1.6451599999958504, 6.10552199999884], [-1.6457439999992347, 6.105442000001206], [-1.646157999997542, 6.105181000002078]]]}",yes,no,yes,yes,no,yes,no,no,yes,no,no,low,high,low
3,,16.6,Polygon,GHA,GH,Western Region,-2.1571435601632793,5.981148900637887,ha,False,16.6,14.491,15.862,16.6,16.6,16.6,16.6,0.0,0.0,0.04,0.0,0.0,0.0,0.0,0.0,0.0,0.0,0.0,0.0,0.0,0.0,0.0,0.0,0.0,0.0,0.0,0.0,0.0,0.0,0.0,0.0,0.0,0.0,0.0,0.0,0.0,0.0,0.0,0.0,0.0,0.0,0.0,0.0,0.0,0.0,0.0,0.0,0.0,0.0,0.0,0.0,0.0,0.07,0.0,0.0,0.0,0.178,0.089,0.0,0.0,0.401,0.0,0.0,0.089,0.0,0.0,0.0,0.0,0.0,0.0,0.0,0.0,0.0,0.0,0.0,0.0,0.0,0.0,0.0,0.0,0.0,0.0,0.0,0.0,0.0,0.0,0.0,0.0,1.11,0.491,0.069,0.08,0.569,0.069,0.0,0.0,0.0,0.0,0.0,0.0,0.0,0.0,0.0,0.0,0.0,0.0,0.0,0.0,0.0,0.0,0.0,0.0,0.0,0.0,0.0,0.0,0.0,0.0,0.0,0.0,0.0,0.0,0.0,0.0,0.0,0.0,0.0,0.0,0.0,0.0,0.0,0.0,0.0,0.0,0.0,0.0,0.0,0.0,0.0,0.0,0.738,0.0,0.0,0.0,0.0,1.11,0.089,0.0,0.0,0.0,1.279,,0.0,0.0,0.0,16.6,0.0,0.0,0.0,16.6,16.511,0.661,0.0,0.0,0.0,0.089,,"{'type': 'Polygon', 'coordinates': [[[-2.1595160000006564, 5.979230999996803], [-2.1557180000009515, 5.979641000003763], [-2.154387999998751, 5.983028999996508], [-2.1590330000011337, 5.982474000000014], [-2.1595160000006564, 5.979230999996803]]]}",yes,no,no,no,yes,yes,no,no,yes,no,no,more_info_needed,more_info_needed,low
4,,31.213,Polygon,IDN,ID,South Sumatra,103.95609577079756,-3.0546676189238666,ha,False,0.0,0.0,0.0,1.719,0.176,0.0,29.09,31.213,30.86,21.862,0.0,0.0,0.0,0.026,0.0,0.0,0.179,2.321,0.0,0.0,0.0,0.0,19.718,0.0,0.0,0.0,0.0,0.0,0.0,0.0,0.0,0.0,0.0,0.0,0.0,0.0,0.0,0.0,0.0,0.0,0.0,0.0,0.0,0.0,0.0,0.0,0.0,0.0,0.0,0.0,0.0,0.0,0.0,0.0,0.0,0.0,0.0,0.0,0.0,0.0,0.0,0.0,0.0,0.0,0.0,0.0,0.0,0.0,0.0,28.443,0.271,0.0,0.0,0.0,0.0,2.308,0.0,0.0,0.0,0.0,0.0,0.0,0.0,0.0,0.0,0.0,0.0,0.0,0.0,0.0,0.0,0.0,0.0,0.0,0.0,0.0,0.0,0.0,0.0,0.0,0.0,0.0,0.0,0.0,0.0,31.213,0.0,0.0,0.0,0.0,0.0,0.0,0.0,0.0,0.0,0.0,0.0,0.0,0.0,0.0,6.403,0.0,0.0,0.0,0.0,0.0,0.0,0.0,0.0,0.0,0.0,0.0,0.0,0.0,0.0,0.0,0.0,0.0,0.0,0.0,0.0,22.218,31.022,31.213,6.403,0.0,0.0,0.0,0.0,0.0,0.0,,0.0,0.0,0.0,0.0,0.0,2.293,0.0,6.332,27.767,26.664,2.145,0.0,24.882,3.356,,"{'type': 'Polygon', 'coordinates': [[[103.95143499999932, -3.0560110000032092], [103.96061900000431, -3.0560959999967645], [103.96061900000431, -3.053224999997371], [103.95149899999564, -3.053332000001729], [103.95143499999932, -3.0560110000032092]]]}",yes,yes,yes,no,no,yes,no,no,yes,yes,no,low,low,low
5,,1.964,Polygon,IDN,ID,South Sumatra,103.97037141003977,-3.0688307035962517,ha,False,0.0,0.0,0.0,1.69,0.014,0.0,1.944,0.0,0.0,0.0,0.0,0.0,0.0,0.661,0.0,0.0,0.112,0.0,0.0,0.0,0.0,0.0,0.003,0.0,0.082,0.0,0.0,0.0,0.0,0.0,0.0,1.757,0.0,0.0,0.0,0.0,0.0,0.0,0.0,0.0,0.264,0.055,0.0,0.0,0.0,0.0,0.202,0.0,0.0,0.0,0.0,0.0,0.0,0.0,0.0,0.0,0.0,0.0,0.0,0.0,0.0,0.0,0.0,0.0,0.0,0.0,0.0,0.0,0.0,0.0,0.021,0.016,0.0,0.0,0.0,0.0,0.0,0.0,1.3,0.613,0.0,0.0,0.0,0.0,0.0,0.0,0.0,0.0,0.0,0.0,0.0,0.0,0.0,0.0,0.0,0.0,0.0,0.0,0.0,0.0,0.0,0.0,0.0,0.0,0.0,0.0,0.0,0.0,0.0,0.0,0.0,0.0,0.0,0.0,0.0,0.0,0.0,0.0,0.0,0.0,0.0,0.0,0.0,0.0,0.0,0.0,0.0,0.0,0.0,0.0,0.0,0.0,0.0,0.0,0.0,0.0,0.0,0.0,0.0,0.0,0.52,1.954,1.95,0.0,0.0,0.0,0.0,0.0,0.0,0.0,0.0,,0.0,0.0,0.0,0.0,0.0,1.09,0.316,1.934,0.686,0.0,1.626,0.0,0.0,1.278,,"{'type': 'Polygon', 'coordinates': [[[103.96944299999748, -3.0691129999998545], [103.97100399999633, -3.069471999998105], [103.97136900000406, -3.068571999995535], [103.96965299999688, -3.0681920000000398], [103.96944299999748, -3.0691129999998545]]]}",yes,yes,yes,no,no,yes,yes,no,yes,yes,no,low,low,low
6,,12.725,Polygon,IDN,ID,South Sumatra,103.97518193266538,-3.0829219070479663,ha,False,7.999,0.0,7.558,12.725,10.545,9.917,12.725,0.0,0.0,0.206,0.0,0.0,0.0,0.593,0.0,0.0,0.0,0.0,0.0,0.907,0.0,0.0,0.0,0.0,0.022,0.0,0.268,0.256,0.0,0.0,0.0,0.0,0.0,0.0,0.0,0.0,0.0,0.0,0.0,0.0,0.545,0.0,0.0,0.0,0.462,0.0,0.179,0.089,0.062,0.211,0.179,0.566,0.198,0.0,0.0,0.0,0.0,0.0,0.0,0.0,0.0,0.0,0.0,0.0,0.0,0.0,0.442,0.019,0.0,0.0,0.0,0.0,0.683,0.634,0.0,0.0,0.0,0.0,0.0,0.0,0.0,0.021,0.0,0.1,0.0,0.0,0.0,0.0,0.0,0.0,0.0,0.0,0.0,0.0,0.0,0.0,0.0,0.0,0.0,0.0,0.0,0.0,0.0,0.0,0.0,0.0,0.0,0.0,0.0,0.0,0.0,0.0,0.0,0.0,0.0,0.0,0.0,0.0,0.0,0.0,0.0,0.0,0.0,0.0,0.0,0.0,0.0,0.0,0.0,0.0,0.0,0.0,0.0,0.0,0.0,0.0,0.0,0.0,0.0,0.0,2.49,1.453,1.899,0.0,0.0,0.0,0.0,0.0,0.0,0.0,0.0,,0.0,0.0,0.0,7.984,0.0,0.019,1.431,12.725,12.152,0.204,0.05,0.0,0.0,0.573,,"{'type': 'Polygon', 'coordinates': [[[103.9731819999968, -3.0821999999997507], [103.97347200000281, -3.0839780000030705], [103.97451300000357, -3.08448699999576], [103.97634700000255, -3.0845029999970834], [103.97713600000043, -3.083367999997536], [103.97708799999646, -3.0820980000002978], [103.97574099999734, -3.081305000002086], [103.97411600000218, -3.0813959999961376], [103.9731819999968, -3.0821999999997507]]]}",yes,no,yes,no,yes,yes,no,no,yes,no,no,low,more_info_needed,low
7,,20.882,Polygon,IDN,ID,South Sumatra,103.97751194325912,-3.083807754540335,ha,False,6.016,0.0,5.569,20.097,11.238,7.346,20.852,0.0,0.0,0.321,0.0,0.0,0.0,2.445,0.0,0.0,0.0,0.089,0.0,1.875,1.263,0.245,0.089,0.0,0.0,0.085,0.274,0.536,0.0,0.0,0.089,0.0,0.0,0.0,0.0,0.0,0.0,0.0,0.0,0.0,0.106,0.179,0.0,0.0,1.25,0.0,0.089,0.0,0.089,0.164,0.346,1.512,0.429,0.0,0.089,0.0,0.0,0.0,0.0,0.0,0.0,0.0,0.0,0.714,0.0,0.0,1.319,1.289,0.531,0.0,0.0,0.0,3.008,1.78,0.0,0.0,0.0,1.041,0.0,0.0,0.045,0.029,0.0,0.0,0.0,0.0,0.0,0.0,0.0,0.0,0.0,0.0,0.0,0.0,0.0,0.0,0.0,0.0,0.0,0.0,0.0,0.0,0.0,0.0,0.0,0.0,0.0,0.0,0.0,0.0,0.0,0.0,0.0,0.0,0.0,0.0,0.0,0.0,0.0,0.0,0.0,0.0,0.0,0.0,0.0,0.0,0.0,0.0,0.0,0.0,0.0,0.0,0.0,0.0,0.0,0.0,0.0,0.0,0.0,0.0,4.253,4.546,9.043,0.0,0.0,0.0,0.714,0.0,0.0,0.0,0.0,,0.0,0.0,0.0,5.84,0.0,3.228,4.897,20.882,20.12,0.118,0.238,0.0,0.0,0.762,,"{'type': 'Polygon', 'coordinates': [[[103.9749960000031, -3.082752000000488], [103.97641200000342, -3.0864580000015676], [103.97767800000034, -3.0862870000008993], [103.97993100000251, -3.0848300000016704], [103.97937300000129, -3.082515999998936], [103.97789200000007, -3.081016000000642], [103.9749960000031, -3.082752000000488]]]}",yes,yes,yes,no,yes,yes,yes,no,yes,no,no,low,low,low
8,,8.279,Polygon,CIV,CI,Lagunes,-4.1016461529645305,5.711934574136514,ha,False,0.404,0.001,0.006,7.834,5.085,1.388,6.402,0.0,0.0,0.042,0.376,0.0,3.013,0.132,0.0,0.0,0.222,0.481,0.178,0.0,0.0,0.089,0.089,0.0,0.0,0.336,0.0,0.178,0.0,0.178,0.784,0.0,0.0,0.0,0.0,0.0,0.0,0.0,0.0,0.0,0.201,0.987,0.462,0.0,0.0,0.0,0.089,0.0,0.0,0.017,0.0,0.0,0.0,0.0,0.037,0.0,0.002,0.0,0.0,0.0,0.0,0.0,0.0,0.0,0.745,0.277,0.0,0.0,0.0,0.0,0.0,0.0,0.148,0.0,0.012,0.0,0.089,0.579,0.0,0.208,0.0,0.904,0.232,0.0,0.089,0.0,1.513,0.0,0.0,0.0,0.0,0.0,0.001,0.0,0.0,0.0,0.0,0.0,0.0,0.0,0.0,0.0,0.0,0.0,0.0,0.0,0.0,0.0,0.0,0.0,0.0,0.0,0.0,0.0,0.0,0.0,0.0,0.0,0.0,0.0,0.0,0.0,0.0,0.0,0.0,0.0,0.0,0.0,0.0,0.0,0.0,0.0,0.0,0.0,0.0,0.0,0.0,0.0,0.0,0.0,1.795,2.535,3.194,0.0,0.0,0.0,0.0,0.0,1.602,0.0,0.001,,0.0,0.0,0.0,0.446,0.0,0.0,3.282,6.147,8.279,0.089,1.175,0.072,0.0,0.0,,"{'type': 'Polygon', 'coordinates': [[[-4.102888999997095, 5.713707000000335], [-4.10243899999581, 5.710174000000089], [-4.101484000002166, 5.710206000002736], [-4.101087000000773, 5.710665000000273], [-4.100604000001251, 5.710343999996183], [-4.1003679999996985, 5.71165799999706], [-4.10052899999954, 5.712810999998096], [-4.101484000002166, 5.71352599999884], [-4.102888999997095, 5.713707000000335]]]}",yes,yes,yes,yes,no,yes,no,no,yes,yes,no,low,low,low
9,,1.981,Polygon,CIV,CI,Lagunes,-4.086848277820016,5.673810500303899,ha,False,0.0,0.0,0.0,1.396,1.546,0.878,1.729,0.0,0.0,0.015,0.011,1.494,0.006,0.001,0.0,0.0,0.072,0.137,0.07,0.0,0.0,0.0,0.0,0.0,0.0,0.0,0.0,0.0,0.0,0.0,0.556,0.0,0.0,0.0,0.089,0.0,0.0,0.0,0.0,0.0,0.103,0.053,0.647,0.0,0.0,0.0,0.0,0.0,0.0,0.0,0.0,0.0,0.0,0.0,0.0,0.0,0.0,0.0,0.0,0.0,0.0,0.0,0.0,0.0,0.0,0.314,0.0,0.0,0.0,0.0,0.0,0.0,0.0,0.0,0.0,0.0,0.0,0.035,0.0,0.0,0.0,0.085,0.0,0.001,0.0,0.0,0.0,0.0,0.0,0.0,0.0,0.0,0.0,0.0,0.0,0.0,0.0,0.0,0.0,0.0,0.0,0.0,0.0,0.0,0.0,0.0,0.0,0.0,0.0,0.0,0.0,0.0,0.0,0.0,0.0,0.0,0.0,0.0,0.0,0.0,0.0,0.0,0.0,0.0,0.0,0.0,0.0,0.0,0.0,0.0,0.0,0.0,0.0,0.0,0.0,0.0,0.0,0.0,0.0,0.0,0.803,0.924,0.435,0.0,0.0,0.0,0.0,0.0,0.0,0.0,0.0,,0.0,0.0,0.0,0.652,0.0,0.0,0.715,1.981,1.981,0.11,0.032,0.276,0.0,0.0,,"{'type': 'Polygon', 'coordinates': [[[-4.08767600000103, 5.672712000000966], [-4.087289999996056, 5.67259400000019], [-4.087091000002055, 5.673213999997569], [-4.086683000004244, 5.673182000003905], [-4.085938000001019, 5.674558999996518], [-4.0869569999999555, 5.674729999997186], [-4.08767600000103, 5.672712000000966]]]}",yes,yes,yes,no,no,yes,no,no,yes,yes,no,low,low,low
10,,3.797,Polygon,CIV,CI,District Autonome D'Abidjan,-4.119589490048954,5.57213627672752,ha,False,0.0,0.0,0.0,3.797,2.636,2.794,3.797,0.0,0.0,0.381,0.004,0.0,0.05,2.016,0.0,0.0,0.034,0.043,0.0,0.0,0.0,0.0,0.0,0.0,0.0,0.0,0.0,0.0,0.0,0.0,0.001,0.0,0.0,0.0,0.0,0.019,0.0,0.0,0.0,0.0,0.0,0.0,0.084,0.0,0.0,0.0,0.0,0.0,0.0,0.0,0.0,0.0,0.0,0.022,0.0,0.019,0.0,0.007,0.0,0.0,0.0,0.0,0.0,0.0,0.315,0.0,0.0,0.0,0.0,0.0,0.0,0.0,0.128,0.0,0.326,0.0,0.023,0.22,0.0,0.0,0.0,0.148,0.0,0.0,0.0,0.0,0.0,0.0,0.0,0.0,0.0,0.0,0.0,0.0,0.0,0.0,0.0,0.0,0.0,0.0,0.0,0.0,0.0,0.0,0.0,0.0,0.0,0.0,0.0,0.0,0.0,0.0,0.0,0.0,0.0,0.0,0.0,0.0,0.0,0.0,0.0,0.0,0.0,0.0,0.0,0.0,0.0,0.0,0.0,0.0,0.0,0.0,0.0,0.0,0.0,0.0,0.0,0.0,0.0,0.0,0.132,0.096,1.161,0.0,0.0,0.0,0.0,0.0,0.0,0.0,0.0,,0.0,0.0,0.0,2.212,0.0,0.0,2.857,3.797,3.717,0.68,3.134,0.0,0.0,0.08,,"{'type': 'Polygon', 'coordinates': [[[-4.120629000000036, 5.571139000004067], [-4.120286000003109, 5.570781999996999], [-4.1201090000019445, 5.571107000001421], [-4.119583000003357, 5.571113000001916], [-4.118923999998262, 5.571903000004371], [-4.118043999997346, 5.572335000004168], [-4.119003999995895, 5.572853000002094], [-4.119759999995538, 5.573413999999084], [-4.12001799999891, 5.57303499999918], [-4.120392999998484, 5.572478999998111], [-4.120345000003497, 5.571791000004092], [-4.120629000000036, 5.571139000004067]]]}",yes,yes,yes,no,no,yes,no,no,yes,yes,no,low,low,low
11,,3.615,Polygon,CIV,CI,Montagnes,-7.507022320770948,6.071467734582957,ha,False,1.017,0.0,0.0,3.615,1.659,1.537,3.546,0.0,0.0,0.439,0.556,0.0,0.784,2.272,0.0,0.0,0.059,0.0,0.0,0.089,0.0,0.0,0.089,0.464,0.135,0.033,0.0,0.089,0.0,0.0,0.0,0.0,0.0,0.0,0.0,0.0,0.0,0.0,0.0,0.0,0.0,0.0,0.0,0.455,0.0,0.0,0.0,0.0,0.0,0.0,0.0,0.0,0.0,0.0,0.0,0.0,0.0,0.0,0.0,0.0,0.0,0.0,0.0,0.0,0.0,0.0,0.645,0.0,0.0,0.0,0.0,0.0,1.083,0.143,0.085,0.0,0.0,0.0,0.0,0.0,0.0,0.0,0.0,0.0,0.0,0.0,0.0,0.0,0.0,0.0,0.0,0.0,0.0,0.0,0.0,0.0,0.0,0.0,0.0,0.0,0.0,0.0,0.0,0.0,0.0,0.0,0.0,0.0,0.0,0.0,0.0,0.0,0.0,0.0,0.0,0.0,0.0,0.0,0.0,0.0,0.0,0.0,0.0,0.0,0.0,0.0,0.0,0.0,0.0,0.0,0.0,0.0,0.0,0.0,0.0,0.0,0.0,0.0,0.0,0.0,0.455,0.959,1.956,0.0,0.0,0.0,0.0,0.0,0.0,0.0,0.0,,0.0,0.0,0.0,1.486,0.0,0.0,0.0,3.615,3.594,0.105,2.585,0.412,0.0,0.021,,"{'type': 'Polygon', 'coordinates': [[[-7.507894999996725, 6.072487999997627], [-7.507594000003271, 6.070454999995675], [-7.506064999998087, 6.070470999996998], [-7.506563999998933, 6.072546999998015], [-7.507894999996725, 6.072487999997627]]]}",yes,yes,yes,no,no,yes,no,no,yes,yes,no,low,low,low
12,,0.236,Polygon,NIC,NI,Jinotega (Departamento),-85.92967279231101,13.298333063910203,ha,False,0.236,0.236,0.226,0.082,0.236,0.236,0.236,0.0,0.0,0.0,0.0,0.0,0.0,0.0,0.0,0.0,0.0,0.0,0.0,0.0,0.0,0.0,0.0,0.0,0.0,0.0,0.0,0.0,0.0,0.0,0.0,0.0,0.0,0.0,0.0,0.0,0.0,0.0,0.0,0.0,0.0,0.0,0.0,0.0,0.0,0.0,0.0,0.0,0.0,0.0,0.0,0.0,0.0,0.0,0.0,0.0,0.009,0.0,0.0,0.0,0.001,0.0,0.0,0.0,0.0,0.0,0.0,0.0,0.0,0.0,0.0,0.0,0.0,0.0,0.0,0.0,0.0,0.0,0.0,0.0,0.0,0.0,0.0,0.0,0.0,0.0,0.0,0.0,0.0,0.0,0.0,0.0,0.034,0.0,0.0,0.0,0.0,0.0,0.0,0.0,0.0,0.0,0.0,0.0,0.0,0.0,0.0,0.0,0.0,0.0,0.0,0.0,0.0,0.0,0.0,0.0,0.0,0.0,0.0,0.0,0.0,0.0,0.0,0.0,0.0,0.0,0.0,0.0,0.0,0.0,0.0,0.0,0.0,0.0,0.0,0.0,0.0,0.0,0.0,0.0,0.01,0.0,0.0,0.0,0.0,0.0,0.0,0.0,0.0,0.0,0.034,,0.0,0.0,0.0,0.236,0.0,0.0,0.0,0.236,0.236,0.0,0.0,0.0,0.0,0.0,,"{'type': 'Polygon', 'coordinates': [[[-85.92994499999998, 13.298425999999733], [-85.92993600000372, 13.298136000002698], [-85.92941900000139, 13.298154000004187], [-85.92940599999582, 13.298389999996756], [-85.92941900000139, 13.298480000004199], [-85.92941900000139, 13.298523999998855], [-85.92971800000366, 13.298538000000013], [-85.92986900000267, 13.298501999997036], [-85.92994499999998, 13.298425999999733]]]}",yes,no,no,yes,yes,yes,no,no,yes,no,no,high,high,low
13,,2.255,Polygon,NIC,NI,Jinotega (Departamento),-85.62684809448668,13.539724314287495,ha,False,0.0,0.0,0.0,2.255,0.458,1.309,2.255,0.0,0.0,0.0,0.0,0.0,0.0,0.0,0.0,0.0,0.0,0.0,0.0,0.0,0.0,0.0,0.0,0.0,0.0,0.0,0.0,0.0,0.0,0.0,0.0,0.0,0.0,0.0,0.0,0.0,0.0,0.0,0.0,0.0,0.0,0.0,0.0,0.0,0.0,0.0,0.0,0.0,0.0,0.0,0.0,0.0,0.0,0.0,0.0,0.0,0.0,0.0,0.0,0.0,0.0,0.0,0.0,0.0,0.0,0.0,0.0,0.0,0.0,0.0,0.0,0.0,0.0,0.0,0.0,0.0,0.0,0.0,0.0,0.0,0.0,0.0,0.0,0.0,0.0,0.0,0.367,0.0,0.0,0.0,0.0,0.0,0.0,0.0,0.0,0.0,0.0,0.0,0.0,0.0,0.0,0.0,0.0,0.0,0.0,0.0,0.0,0.0,0.0,0.0,0.0,0.0,0.0,0.0,0.0,0.0,0.0,0.0,0.0,0.0,0.0,0.0,0.0,0.0,0.0,0.0,0.0,0.0,0.0,0.0,0.0,0.0,0.0,0.0,0.0,0.0,0.0,0.0,0.0,0.0,0.0,0.0,0.0,0.0,0.0,0.0,0.0,0.0,0.367,0.0,0.0,,0.0,0.0,0.0,2.255,0.0,0.0,0.249,1.588,2.054,0.0,0.0,0.0,0.0,0.201,,"{'type': 'Polygon', 'coordinates': [[[-85.62784600000138, 13.540733999998507], [-85.62667299999869, 13.538392999998031], [-85.62625400000447, 13.538567000003438], [-85.62657499999958, 13.539003999999156], [-85.62597700000401, 13.539820000003763], [-85.62678400000338, 13.540487999996127], [-85.62784600000138, 13.540733999998507]]]}",yes,no,no,yes,no,yes,no,no,yes,no,no,high,high,low
14,,0.799,Polygon,NIC,NI,Jinotega (Departamento),-85.94446494180862,13.166413216868746,ha,False,0.267,0.0,0.0,0.192,0.463,0.344,0.799,0.0,0.0,0.0,0.0,0.0,0.0,0.0,0.0,0.0,0.0,0.0,0.0,0.0,0.0,0.0,0.0,0.0,0.0,0.0,0.0,0.0,0.0,0.0,0.0,0.0,0.0,0.0,0.0,0.0,0.0,0.0,0.0,0.0,0.0,0.0,0.0,0.0,0.0,0.0,0.0,0.0,0.0,0.0,0.0,0.0,0.0,0.0,0.0,0.0,0.0,0.0,0.0,0.0,0.0,0.0,0.0,0.0,0.0,0.0,0.0,0.0,0.0,0.0,0.0,0.0,0.0,0.0,0.0,0.0,0.0,0.0,0.0,0.0,0.0,0.0,0.0,0.0,0.0,0.0,0.007,0.0,0.0,0.0,0.0,0.0,0.0,0.0,0.0,0.0,0.0,0.0,0.0,0.0,0.0,0.0,0.0,0.0,0.0,0.0,0.0,0.0,0.0,0.0,0.0,0.0,0.0,0.0,0.0,0.0,0.0,0.0,0.0,0.0,0.0,0.0,0.0,0.0,0.0,0.0,0.0,0.0,0.0,0.0,0.0,0.0,0.0,0.0,0.0,0.0,0.0,0.0,0.0,0.0,0.0,0.0,0.0,0.0,0.0,0.0,0.0,0.0,0.007,0.0,0.0,,0.0,0.0,0.0,0.799,0.0,0.0,0.156,0.742,0.627,0.0,0.0,0.0,0.0,0.0,,"{'type': 'Polygon', 'coordinates': [[[-85.94495399999713, 13.166735999995836], [-85.94482999999586, 13.166083999995811], [-85.9447809999963, 13.165883999997236], [-85.94425899999804, 13.166025999999997], [-85.94417400000448, 13.166213999997579], [-85.94413400000117, 13.16635600000034], [-85.94393299999803, 13.166413999996154], [-85.94388399999846, 13.166757999997655], [-85.94442399999821, 13.166775999999144], [-85.94469600000274, 13.166779999999475], [-85.94495399999713, 13.166735999995836]]]}",yes,no,no,no,no,yes,no,no,yes,no,no,more_info_needed,more_info_needed,low
15,,0.269,Polygon,NIC,NI,Jinotega (Departamento),-85.85464952149805,13.290698442076803,ha,False,0.124,0.0,0.0,0.269,0.269,0.269,0.269,0.0,0.0,0.0,0.0,0.0,0.0,0.0,0.0,0.0,0.0,0.0,0.0,0.0,0.0,0.0,0.0,0.0,0.0,0.0,0.0,0.0,0.0,0.0,0.0,0.0,0.0,0.0,0.0,0.0,0.0,0.0,0.0,0.0,0.0,0.0,0.0,0.0,0.0,0.0,0.0,0.0,0.0,0.0,0.0,0.0,0.0,0.0,0.0,0.0,0.0,0.0,0.0,0.0,0.0,0.0,0.0,0.0,0.0,0.0,0.0,0.0,0.0,0.0,0.0,0.0,0.0,0.0,0.0,0.0,0.0,0.0,0.0,0.0,0.0,0.0,0.0,0.0,0.0,0.0,0.126,0.0,0.0,0.0,0.0,0.0,0.0,0.0,0.0,0.0,0.0,0.0,0.0,0.0,0.0,0.0,0.0,0.0,0.0,0.0,0.0,0.0,0.0,0.0,0.0,0.0,0.0,0.0,0.0,0.0,0.0,0.0,0.0,0.0,0.0,0.0,0.0,0.0,0.0,0.0,0.0,0.0,0.0,0.0,0.0,0.0,0.0,0.0,0.0,0.0,0.0,0.0,0.0,0.0,0.0,0.0,0.0,0.0,0.0,0.0,0.0,0.0,0.126,0.0,0.0,,0.0,0.0,0.0,0.269,0.0,0.0,0.082,0.178,0.269,0.0,0.0,0.0,0.0,0.0,,"{'type': 'Polygon', 'coordinates': [[[-85.85499699999974, 13.290622999996678], [-85.85494800000018, 13.290565000000864], [-85.85478700000034, 13.290591999998606], [-85.85477800000409, 13.290497999999815], [-85.85485800000171, 13.290434999999096], [-85.85473299999587, 13.290314999998154], [-85.85464000000165, 13.290296999996665], [-85.85466200000347, 13.290426999998434], [-85.85465800000314, 13.290644999998497], [-85.8543049999964, 13.290662999999986], [-85.85407800000009, 13.290730000001036], [-85.85459100000209, 13.290895000001207], [-85.85480900000216, 13.290978999999172], [-85.8548760000032, 13.290868000003465], [-85.85499699999974, 13.290622999996678]]]}",yes,no,no,yes,no,yes,no,no,yes,no,no,high,high,low
16,,1.019,Polygon,CMR,CM,Centre,12.596546066977634,4.232425591179579,ha,False,1.019,1.019,0.982,1.019,1.019,1.019,1.019,0.0,0.0,0.0,0.0,0.0,0.0,0.0,0.0,0.0,0.0,0.0,0.0,0.0,0.0,0.0,0.0,0.0,0.0,0.0,0.0,0.0,0.0,0.0,0.0,0.0,0.0,0.0,0.0,0.0,0.0,0.0,0.0,0.0,0.0,0.0,0.0,0.0,0.0,0.0,0.0,0.0,0.037,0.0,0.0,0.0,0.0,0.0,0.0,0.0,0.0,0.0,0.0,0.0,0.0,0.0,0.0,0.0,0.0,0.0,0.0,0.0,0.0,0.0,0.0,0.0,0.0,0.0,0.0,0.0,0.0,0.0,0.0,0.0,0.0,0.0,0.0,0.0,0.0,0.0,0.0,0.0,0.0,0.0,0.0,0.0,0.0,0.0,0.0,0.0,0.0,0.0,0.0,0.0,0.0,0.0,0.0,0.0,0.0,0.0,0.0,0.0,0.0,0.0,0.0,0.0,0.0,0.0,0.0,0.0,0.0,0.0,0.0,0.0,0.0,0.0,0.0,0.0,0.0,0.0,0.0,0.0,0.0,0.0,0.0,0.0,0.0,0.0,0.0,0.0,0.0,0.0,0.0,0.0,0.037,0.0,0.0,0.0,0.0,0.0,0.0,0.0,0.0,0.0,0.0,,0.0,0.0,0.0,1.019,0.0,0.0,0.0,1.019,1.019,0.0,0.0,0.0,0.0,0.0,,"{'type': 'Polygon', 'coordinates': [[[12.595622999999598, 4.232555999999867], [12.59573900000021, 4.232150999997812], [12.595957000000272, 4.23220900000261], [12.596452000000788, 4.232270999998754], [12.59673300000157, 4.232011999999791], [12.596790999997383, 4.231879000002266], [12.596947000001302, 4.232199999997373], [12.597210000000596, 4.23232500000322], [12.59747299999989, 4.23228000000399], [12.597432999996581, 4.2324540000004145], [12.597397000002587, 4.2326769999964], [12.597102999996238, 4.232690000001967], [12.59661700000096, 4.232663000004226], [12.596171000000005, 4.232672000000478], [12.595757000001697, 4.232663000004226], [12.595622999999598, 4.232555999999867]]]}",yes,no,no,no,yes,yes,no,no,yes,no,no,more_info_needed,more_info_needed,low
17,,1.006,Polygon,CMR,CM,Centre,12.640106802855511,4.199724075851093,ha,False,1.006,0.521,0.01,1.006,0.521,1.006,1.006,0.0,0.0,0.0,0.0,0.0,0.0,0.0,0.0,0.0,0.0,0.0,0.0,0.0,0.0,0.0,0.0,0.0,0.0,0.0,0.0,0.0,0.0,0.296,0.294,0.0,0.0,0.0,0.0,0.0,0.0,0.0,0.0,0.0,0.0,0.0,0.0,0.0,0.0,0.0,0.0,0.0,0.0,0.0,0.0,0.0,0.0,0.056,0.35,0.0,0.0,0.0,0.0,0.0,0.0,0.0,0.0,0.0,0.0,0.0,0.0,0.0,0.0,0.0,0.065,0.0,0.0,0.0,0.0,0.0,0.0,0.42,0.0,0.0,0.0,0.0,0.0,0.0,0.0,0.0,0.0,0.0,0.0,0.0,0.0,0.001,0.005,0.0,0.0,0.0,0.0,0.0,0.0,0.0,0.0,0.0,0.0,0.0,0.0,0.0,0.0,0.0,0.0,0.0,0.0,0.0,0.0,0.0,0.0,0.0,0.0,0.0,0.0,0.0,0.0,0.0,0.0,0.0,0.0,0.0,0.0,0.0,0.0,0.0,0.0,0.0,0.0,0.0,0.0,0.0,0.0,0.0,0.0,0.0,0.406,0.59,0.485,0.0,0.0,0.0,0.0,0.0,0.0,0.0,0.006,,0.0,0.0,0.0,1.006,0.0,0.0,0.59,1.006,1.006,0.0,0.0,0.0,0.0,0.0,,"{'type': 'Polygon', 'coordinates': [[[12.639447000003871, 4.199843999998336], [12.639566999995829, 4.199821999996517], [12.639602999998807, 4.1997600000003725], [12.63970099999793, 4.19957200000279], [12.639973000002458, 4.199224999996549], [12.64005300000009, 4.199010999996816], [12.640374000004181, 4.199277999996441], [12.64065099999565, 4.199599000000531], [12.640513000002203, 4.199843999998336], [12.640419000003412, 4.200071999999227], [12.640248999998335, 4.20037999999775], [12.639945999995733, 4.200200999996421], [12.639447000003871, 4.199843999998336]]]}",yes,no,yes,no,yes,yes,no,no,yes,no,no,low,more_info_needed,low
18,,4.242,Polygon,CMR,CM,Centre,12.328070136882275,4.25841247772794,ha,False,4.242,3.442,4.242,4.242,4.242,4.242,4.242,0.0,0.0,0.0,0.0,0.0,0.0,0.0,0.0,0.0,0.0,0.0,0.0,0.0,0.0,0.0,0.0,0.0,0.0,0.0,0.0,0.0,0.0,0.0,0.0,0.0,0.0,0.0,0.0,0.0,0.0,0.0,0.0,0.0,0.0,0.0,0.0,0.0,0.0,0.0,0.0,0.0,0.0,0.0,0.0,0.0,0.0,0.0,0.0,0.0,0.0,0.0,0.0,0.0,0.0,0.0,0.0,0.0,0.0,0.0,0.0,0.0,0.0,0.0,0.0,0.0,0.0,0.0,0.0,0.0,0.0,0.0,0.0,0.0,0.0,0.0,0.0,0.0,0.0,0.0,0.0,0.0,0.0,0.0,0.0,0.0,0.0,0.0,0.0,0.0,0.0,0.0,0.0,0.0,0.0,0.0,0.0,0.0,0.0,0.0,0.0,0.0,0.0,0.0,0.0,0.0,0.0,0.0,0.0,0.0,0.0,0.0,0.0,0.0,0.0,0.0,0.0,0.0,0.0,0.0,0.0,0.0,0.0,0.0,0.0,0.0,0.0,0.0,0.0,0.0,0.0,0.0,0.0,0.0,0.0,0.0,0.0,0.0,0.0,0.0,0.0,0.0,0.0,0.0,0.0,,0.0,0.0,0.0,4.242,0.0,0.0,0.0,4.242,4.242,0.0,0.0,0.0,0.0,0.0,,"{'type': 'Polygon', 'coordinates': [[[12.326913000000143, 4.258232000003388], [12.327179999999768, 4.258018000003656], [12.327135999996127, 4.257790000002765], [12.32748799999829, 4.257692000003643], [12.327750999997583, 4.257425000004019], [12.328023000002114, 4.257755000004361], [12.32849600000081, 4.257660999996587], [12.329190999999899, 4.257495999996416], [12.329423000001121, 4.257978000000347], [12.329494999998092, 4.258116000002778], [12.32949000000217, 4.258436999997885], [12.329280999998359, 4.258397000003559], [12.329025999999727, 4.258664000003184], [12.328571999998111, 4.258923000002147], [12.327986999999137, 4.2592439999972544], [12.327732999996096, 4.259538000003603], [12.327212000002413, 4.2594360000041505], [12.327059999998825, 4.2593379999960455], [12.326953000003451, 4.2589319999984], [12.326966000000034, 4.258391999998654], [12.326913000000143, 4.258232000003388]]]}",yes,no,no,no,yes,yes,no,no,yes,no,no,more_info_needed,more_info_needed,low
19,,0.435,Polygon,CMR,CM,Centre,12.59232330536205,4.229365113376266,ha,False,0.433,0.258,0.309,0.435,0.271,0.435,0.435,0.0,0.0,0.0,0.0,0.0,0.0,0.0,0.0,0.0,0.0,0.002,0.0,0.0,0.0,0.0,0.0,0.0,0.0,0.0,0.0,0.0,0.0,0.0,0.0,0.0,0.0,0.0,0.0,0.0,0.0,0.0,0.0,0.0,0.0,0.009,0.0,0.0,0.0,0.0,0.0,0.0,0.0,0.0,0.0,0.0,0.0,0.0,0.046,0.0,0.0,0.0,0.0,0.0,0.069,0.0,0.0,0.0,0.0,0.0,0.0,0.0,0.0,0.0,0.0,0.0,0.164,0.0,0.0,0.0,0.0,0.0,0.0,0.0,0.0,0.0,0.0,0.0,0.0,0.0,0.0,0.0,0.0,0.0,0.0,0.0,0.0,0.0,0.0,0.0,0.0,0.0,0.0,0.0,0.0,0.0,0.0,0.0,0.0,0.0,0.0,0.0,0.0,0.0,0.0,0.0,0.0,0.0,0.0,0.0,0.0,0.0,0.0,0.0,0.0,0.0,0.0,0.0,0.0,0.0,0.0,0.0,0.0,0.0,0.0,0.0,0.0,0.0,0.0,0.0,0.0,0.0,0.0,0.0,0.124,0.002,0.164,0.0,0.0,0.0,0.0,0.0,0.0,0.0,0.0,,0.0,0.0,0.0,0.435,0.0,0.0,0.0,0.435,0.435,0.0,0.0,0.0,0.0,0.0,,"{'type': 'Polygon', 'coordinates': [[[12.591979999999237, 4.229279000002828], [12.59203299999913, 4.22905999999819], [12.592136000003157, 4.228949000002484], [12.592466000003501, 4.22917199999847], [12.592764000001198, 4.229416999996275], [12.592992000002088, 4.229554999998705], [12.59270199999607, 4.2294979999984825], [12.592157999995994, 4.229738000000365], [12.592118000001669, 4.229768999998438], [12.592091000003927, 4.229546000002452], [12.591979999999237, 4.229279000002828]]]}",yes,no,yes,no,yes,yes,no,no,yes,no,no,low,more_info_needed,low
20,,8.086,Polygon,VNM,VN,Gia Lai,108.0632224343439,13.78746006204295,ha,False,0.0,0.0,0.0,4.892,1.285,3.408,4.838,0.0,0.0,0.0,0.0,0.0,0.0,0.106,0.0,0.0,0.0,0.0,0.0,0.0,0.0,0.0,0.0,0.0,0.0,0.0,0.0,0.0,0.0,0.0,0.0,0.0,0.0,0.0,0.0,0.0,0.0,0.0,0.0,0.0,0.0,0.0,0.0,0.0,0.0,0.0,0.0,0.0,0.0,0.0,0.0,0.0,0.0,0.0,0.0,0.0,0.0,0.0,0.0,0.0,0.0,0.0,0.0,0.0,0.0,0.0,0.0,0.0,0.0,0.0,0.0,0.0,0.0,0.0,0.0,0.0,0.0,0.0,0.0,0.0,0.0,0.0,0.0,0.0,0.0,0.0,0.0,0.0,0.0,0.0,0.0,0.0,0.0,0.0,0.0,0.0,0.0,0.0,0.0,0.0,0.0,0.0,0.0,0.0,0.0,0.0,0.0,0.0,0.0,0.0,0.0,0.0,0.0,0.0,0.0,0.0,0.0,0.0,0.0,0.0,0.0,0.0,0.0,0.0,0.0,0.0,0.0,0.0,0.0,0.0,0.0,0.0,0.0,0.0,0.0,0.0,0.0,0.0,0.0,0.0,0.0,0.0,0.0,0.0,0.0,0.0,0.0,0.0,0.0,0.0,0.0,,0.0,0.0,0.0,6.962,0.26,0.955,0.036,0.0,5.256,0.0,0.021,0.0,7.127,2.226,,"{'type': 'Polygon', 'coordinates': [[[108.06070000000273, 13.785887999999098], [108.06101200000158, 13.785669000003443], [108.06122200000098, 13.785624999999804], [108.06135400000292, 13.785641000001128], [108.06153300000425, 13.785576000000242], [108.06238399999827, 13.786256000002584], [108.0624520000039, 13.786126999996407], [108.0658129999989, 13.7883730000025], [108.06482600000261, 13.789286999997245], [108.06405899999757, 13.788524000001514], [108.06360899999628, 13.788895000000757], [108.06323199999655, 13.788424000002227], [108.06288699999945, 13.788724000000089], [108.06272999999995, 13.788503000004269], [108.06302500000189, 13.78823599999566], [108.06247500000131, 13.787552999997564], [108.06218100000395, 13.787815000001267], [108.06070000000273, 13.785887999999098]]]}",yes,no,no,no,no,yes,yes,no,yes,yes,no,more_info_needed,more_info_needed,high
21,,7.574,Polygon,VNM,VN,??k L?k,108.10266595213659,12.939683605105985,ha,False,0.0,0.0,0.0,0.062,1.699,0.0,0.618,0.0,0.0,0.0,0.0,0.0,0.0,0.135,0.0,0.0,0.0,0.0,0.0,0.0,0.0,0.0,0.0,0.0,0.0,0.0,0.0,0.0,0.0,0.0,0.0,0.0,0.0,0.0,0.0,0.0,0.0,0.0,0.0,0.0,0.0,0.0,0.0,0.0,0.0,0.0,0.0,0.0,0.0,0.0,0.0,0.0,0.0,0.0,0.0,0.0,0.0,0.0,0.0,0.0,0.0,0.0,0.0,0.0,0.0,0.0,0.0,0.0,0.0,0.0,0.0,0.0,0.0,0.0,0.0,0.0,0.0,0.203,0.0,0.0,0.017,0.523,0.0,0.0,0.0,0.0,0.0,0.0,0.0,0.0,0.0,0.0,0.0,0.0,0.0,0.0,0.0,0.0,0.0,0.0,0.0,0.0,0.0,0.0,0.0,0.0,0.0,0.0,0.0,0.0,0.0,0.0,0.0,0.0,0.0,0.0,0.0,0.0,0.0,0.0,0.0,0.0,0.0,0.0,0.0,0.0,0.0,0.0,0.0,0.0,0.0,0.0,0.0,0.0,0.0,0.0,0.0,0.0,0.0,0.0,0.0,0.0,0.743,0.0,0.0,0.0,0.0,0.0,0.0,0.0,0.0,,0.0,0.0,0.0,3.644,0.251,4.452,0.0,0.0,5.698,0.0,0.01,0.0,6.759,1.829,,"{'type': 'Polygon', 'coordinates': [[[108.1006210000031, 12.940173000001193], [108.10080399999578, 12.938665000002239], [108.10464799999929, 12.939066999999554], [108.10442700000347, 12.94073900000309], [108.10200900000112, 12.940505000001703], [108.10199700000013, 12.940346000002027], [108.1006210000031, 12.940173000001193]]]}",yes,no,no,no,no,yes,yes,no,yes,yes,no,more_info_needed,more_info_needed,high
22,,7.363,Polygon,VNM,VN,Gia Lai,108.04884242396339,13.661565715077202,ha,False,0.008,0.0,0.0,5.849,0.491,0.09,4.253,0.0,0.0,0.0,0.0,0.0,0.0,0.104,0.0,0.0,0.0,0.0,0.0,0.0,0.0,0.0,0.0,0.0,0.0,0.0,0.0,0.0,0.0,0.0,0.0,0.0,0.0,0.0,0.0,0.0,0.0,0.0,0.0,0.0,0.0,0.0,0.0,0.0,0.0,0.0,0.0,0.0,0.0,0.0,0.0,0.0,0.0,0.0,0.0,0.0,0.0,0.0,0.0,0.0,0.0,0.0,0.0,0.0,0.0,0.0,0.0,0.0,0.0,0.0,0.0,0.0,0.0,0.0,0.0,0.0,0.0,0.0,0.0,0.0,0.0,0.0,0.0,0.0,0.0,0.0,0.0,0.0,0.0,0.0,0.0,0.0,0.0,0.0,0.0,0.0,0.0,0.0,0.0,0.0,0.0,0.0,0.0,0.0,0.0,0.0,0.0,0.0,0.0,0.0,0.0,0.0,0.0,0.0,0.0,0.0,0.0,0.0,0.0,0.0,0.0,0.0,0.0,0.0,0.0,0.0,0.0,0.0,0.0,0.0,0.0,0.0,0.0,0.0,0.0,0.0,0.0,0.0,0.0,0.0,0.0,0.0,0.0,0.0,0.0,0.0,0.0,0.0,0.0,0.0,0.0,,0.0,0.0,0.0,6.524,0.0,0.0,0.0,0.0,6.1,0.0,2.282,0.0,7.363,1.079,,"{'type': 'Polygon', 'coordinates': [[[108.04682300000037, 13.662255000001297], [108.04707999999917, 13.662037000001233], [108.04726100000067, 13.66184500000332], [108.0475569999982, 13.661644999995762], [108.04966700000203, 13.659804999996298], [108.05100200000015, 13.660790000001406], [108.04776099999711, 13.663426999999412], [108.04682300000037, 13.662255000001297]]]}",yes,no,no,no,no,yes,no,no,yes,yes,no,more_info_needed,more_info_needed,high
23,,6.879,Polygon,VNM,VN,Gia Lai,108.04197676570567,13.736411367323834,ha,False,0.179,0.0,0.0,0.523,6.764,3.854,6.698,0.0,0.0,0.0,0.0,0.0,0.0,6.203,5.911,0.0,0.0,0.0,0.0,0.0,0.0,0.0,0.0,0.0,0.0,0.0,0.0,0.0,0.0,0.0,0.0,0.0,0.0,0.0,0.0,0.0,0.0,0.0,0.0,0.0,0.0,0.0,0.0,0.0,0.0,0.0,0.0,0.0,0.0,0.0,0.0,0.0,0.0,0.0,0.0,0.0,0.0,0.0,0.0,0.0,0.0,0.0,0.0,0.0,0.0,0.0,0.0,0.0,0.0,0.0,0.058,0.0,0.0,0.0,0.0,0.0,0.0,0.0,0.0,0.0,0.0,0.0,0.0,0.0,0.0,0.0,0.0,0.0,0.0,0.0,0.0,0.0,0.0,0.0,0.0,0.0,0.0,0.0,0.0,0.0,0.0,0.0,0.0,0.0,0.0,0.0,0.0,0.0,0.0,0.0,0.0,0.0,0.0,0.0,0.0,0.0,0.0,0.0,0.0,0.0,0.0,0.0,0.0,0.0,0.0,0.0,0.0,0.0,0.0,0.0,0.0,0.0,0.0,0.0,0.0,0.0,0.0,0.0,0.0,0.0,0.0,0.0,0.058,0.0,0.0,0.0,0.0,0.0,0.0,0.0,0.0,,0.0,0.0,0.0,6.722,0.0,0.0,0.0,6.879,4.131,0.0,6.825,0.0,0.0,0.056,,"{'type': 'Polygon', 'coordinates': [[[108.04037299999693, 13.738183999997322], [108.04242299999581, 13.734090999995678], [108.04354699999892, 13.734792999999836], [108.04149600000447, 13.738751999999383], [108.04125699999818, 13.738594999999872], [108.04109900000309, 13.73829100000168], [108.04090899999635, 13.738285999996775], [108.04060899999848, 13.738374000004052], [108.04037299999693, 13.738183999997322]]]}",yes,yes,no,no,no,yes,no,no,yes,yes,no,low,low,low
24,,6.204,Polygon,VNM,VN,??k Nông,107.5888369222964,12.277015834470724,ha,False,0.0,0.0,0.0,2.076,4.356,0.0,5.737,0.0,0.0,0.0,0.0,0.0,0.0,0.638,1.253,0.0,0.382,0.0,0.292,0.0,0.001,0.0,0.0,0.0,0.0,0.0,0.0,0.0,0.0,0.0,0.0,0.0,0.0,0.0,0.0,0.0,0.0,0.0,0.0,0.0,0.0,0.0,0.0,0.0,0.0,0.0,0.0,0.0,0.0,0.0,0.0,0.0,0.0,0.0,0.0,0.0,0.0,0.0,0.0,0.0,0.0,0.0,0.0,0.0,0.0,0.0,0.0,0.0,0.0,0.0,0.0,0.0,0.0,0.0,0.0,0.0,0.0,0.0,0.0,0.0,0.0,0.0,0.0,0.0,0.0,0.0,0.0,0.0,0.0,0.0,0.0,0.0,0.0,0.0,0.0,6.204,5.727,4.987,6.204,0.0,0.0,0.0,0.0,0.0,0.0,0.0,0.0,0.0,0.0,0.0,0.0,0.0,0.0,0.0,0.0,0.0,0.0,0.0,0.0,0.0,0.0,0.0,0.0,0.0,0.0,0.0,0.0,0.0,0.0,0.0,0.0,0.0,0.0,0.0,0.0,0.0,0.0,0.0,0.0,0.0,0.0,0.675,0.0,6.204,0.0,0.0,0.0,0.0,0.0,0.0,0.0,,0.0,0.0,0.0,0.0,0.0,0.0,0.228,0.011,4.727,0.0,0.036,0.0,5.846,0.279,,"{'type': 'Polygon', 'coordinates': [[[107.58683999999644, 12.27868700000011], [107.58726599999575, 12.277723000001231], [107.58749500000121, 12.27736099999824], [107.58791799999577, 12.277169000000328], [107.58772700000243, 12.276427000001842], [107.58937500000398, 12.275842999998458], [107.58959799999997, 12.276058000002765], [107.5904479999984, 12.275820000001048], [107.59137800000346, 12.275549000001092], [107.59150700000065, 12.276184000004202], [107.58962000000179, 12.276790999996015], [107.5885400000023, 12.277745999998642], [107.58769900000011, 12.278943999998907], [107.58683999999644, 12.27868700000011]]]}",yes,yes,yes,no,no,yes,no,no,yes,yes,no,low,low,low
25,,6.192,Polygon,VNM,VN,??k Nông,107.64892612189675,12.324584937725819,ha,False,0.0,2.268,0.0,4.082,4.594,0.0,1.472,0.0,0.0,0.0,0.0,0.0,0.0,0.444,0.0,0.0,0.615,0.001,0.0,0.0,0.088,0.854,0.349,0.0,0.025,0.0,0.1,0.192,0.262,1.108,0.663,0.262,0.0,0.0,0.0,0.0,0.0,0.0,0.0,0.0,0.524,0.175,0.0,0.0,0.0,0.071,0.087,0.0,0.171,0.0,0.0,0.0,0.0,0.0,0.0,0.0,0.0,0.0,0.0,0.0,0.0,0.0,0.0,0.0,0.11,0.0,0.0,0.0,0.0,0.262,0.0,0.0,0.0,0.0,0.0,0.804,0.0,0.422,0.0,0.0,0.0,0.0,0.0,0.0,0.0,0.0,0.0,0.0,0.0,0.0,0.0,0.0,0.0,0.0,0.0,0.0,0.0,0.0,0.979,0.0,0.0,0.0,0.0,0.0,0.0,0.0,0.0,0.0,0.0,0.0,0.0,0.0,0.0,0.0,0.0,0.0,0.0,0.0,0.0,0.0,0.0,0.0,0.0,0.0,0.0,0.0,0.0,0.0,0.0,0.0,0.0,0.0,0.0,0.0,0.0,0.0,0.0,0.0,0.0,0.0,1.029,4.518,1.598,0.979,0.0,0.0,0.0,0.0,0.0,0.0,0.0,,0.0,0.0,0.0,0.0,0.0,0.0,0.0,0.22,5.313,0.0,0.516,0.0,5.961,0.115,,"{'type': 'Polygon', 'coordinates': [[[107.64750400000109, 12.323940000001295], [107.64792899999581, 12.323135000002091], [107.6480930000004, 12.322835000004229], [107.64825499999583, 12.322573000000526], [107.64851499999936, 12.322277000002996], [107.6488570000007, 12.322858999997232], [107.64918399999631, 12.323453999997033], [107.64919399999714, 12.323634999998529], [107.6491720000043, 12.323763999995723], [107.64922899999553, 12.323899000002397], [107.64951799999697, 12.3242669999969], [107.64965700000398, 12.324614000003141], [107.64979299999726, 12.324836999999127], [107.64988600000046, 12.3251300000009], [107.64992299999903, 12.325444999995511], [107.64996900000284, 12.325692999998056], [107.65002899999882, 12.325920999998948], [107.65000099999651, 12.32612000000193], [107.64998799999992, 12.326254999999621], [107.65001699999783, 12.326334999997254], [107.65004299999997, 12.326373000000396], [107.65015500000025, 12.326450999997865], [107.65023200000213, 12.326595000000792], [107.65018500000274, 12.326697000000244], [107.64981200000332, 12.327074999995574], [107.64957000000128, 12.32688200000207], [107.64935600000155, 12.32645299999803], [107.6491609999989, 12.326032999999226], [107.64884699999988, 12.325543999999208], [107.64854700000201, 12.325120000000073], [107.64826400000106, 12.324722000003089], [107.64801599999852, 12.324463999999718], [107.64750400000109, 12.323940000001295]]]}",yes,no,yes,no,yes,yes,no,no,yes,yes,no,low,more_info_needed,high
26,,5.648,Polygon,VNM,VN,Gia Lai,108.1203580322176,13.721796915479885,ha,False,0.0,0.0,0.0,1.468,3.126,1.989,5.176,0.0,0.0,0.0,0.0,0.0,0.0,0.587,0.191,0.0,0.0,0.0,0.0,0.0,0.0,0.0,0.0,0.0,0.0,0.0,0.0,0.0,0.0,0.0,0.0,0.0,0.0,0.0,0.0,0.0,0.0,0.0,0.0,0.0,0.0,0.0,0.0,0.0,0.0,0.0,0.0,0.0,0.0,0.0,0.0,0.0,0.0,0.0,0.0,0.0,0.0,0.0,0.0,0.0,0.0,0.0,0.0,0.0,0.0,0.0,0.0,0.0,0.0,0.0,0.0,0.0,0.0,0.0,0.0,0.0,0.0,0.0,0.0,0.0,0.0,0.0,0.0,0.0,0.0,0.0,0.0,0.0,0.0,0.0,0.0,0.0,0.0,0.0,0.0,0.0,0.0,0.0,0.0,0.0,0.0,0.0,0.0,0.0,0.0,0.0,0.0,0.0,0.0,0.0,0.0,0.0,0.0,0.0,0.0,0.0,0.0,0.0,0.0,0.0,0.0,0.0,0.0,0.0,0.0,0.0,0.0,0.0,0.0,0.0,0.0,0.0,0.0,0.0,0.0,0.0,0.0,0.0,0.0,0.0,0.0,0.0,0.0,0.0,0.0,0.0,0.0,0.0,0.0,0.0,0.0,,0.0,0.0,0.0,5.648,0.0,0.0,0.0,0.0,3.088,0.0,0.15,0.0,5.339,2.201,,"{'type': 'Polygon', 'coordinates': [[[108.11953300000417, 13.723602999999628], [108.11959000000438, 13.72244500000267], [108.11962700000295, 13.721392999996512], [108.11962700000295, 13.720314999997187], [108.12134799999707, 13.720236999999718], [108.12133999999641, 13.721153000003612], [108.12087200000262, 13.721174000000858], [108.12089999999594, 13.721830999996804], [108.12135999999806, 13.721840000002041], [108.12135599999773, 13.722771000002682], [108.12025100000066, 13.722741999995792], [108.12022200000276, 13.724008000001684], [108.11953300000417, 13.723602999999628]]]}",yes,yes,no,no,no,yes,no,no,yes,yes,no,low,low,low
27,,5.578,Polygon,VNM,VN,??k L?k,108.1021974048398,12.913103824019576,ha,False,0.0,0.0,0.0,1.836,4.119,0.174,3.81,0.0,0.0,0.0,0.0,0.0,0.0,0.125,0.0,0.0,0.0,0.0,0.0,0.0,0.0,0.0,0.0,0.0,0.0,0.0,0.0,0.0,0.0,0.0,0.0,0.0,0.0,0.0,0.0,0.0,0.0,0.0,0.0,0.0,0.0,0.0,0.0,0.0,0.0,0.0,0.0,0.0,0.0,0.0,0.0,0.0,0.0,0.0,0.0,0.0,0.0,0.0,0.0,0.0,0.0,0.0,0.0,0.0,0.0,0.0,0.0,0.0,0.0,0.0,0.0,0.0,0.0,0.0,0.0,0.0,0.0,0.0,0.0,0.0,1.283,0.0,0.0,0.0,0.0,0.0,0.0,0.0,0.0,0.0,0.0,0.0,0.0,0.0,0.0,0.0,0.0,0.0,0.0,0.0,0.0,0.0,0.0,0.0,0.0,0.0,0.0,0.0,0.0,0.0,0.0,0.0,0.0,0.0,0.0,0.0,0.0,5.578,0.0,0.0,0.0,0.0,0.0,0.0,0.0,0.0,0.0,0.0,0.0,0.0,0.0,0.0,0.0,0.0,0.0,0.0,0.0,0.0,0.0,0.0,0.0,0.0,1.283,0.0,5.578,0.0,0.0,0.0,0.0,0.0,0.0,,0.0,0.0,0.0,0.013,3.906,5.578,0.0,0.0,4.224,0.0,1.017,0.0,5.578,0.104,,"{'type': 'Polygon', 'coordinates': [[[108.1014380000033, 12.911625999998279], [108.10179799999715, 12.91160399999646], [108.1019460000004, 12.911574999998553], [108.10216400000046, 12.911531999999488], [108.10292000000011, 12.911485999995683], [108.10296499999933, 12.91462200000352], [108.10144899999972, 12.914673000003246], [108.1014380000033, 12.911625999998279]]]}",yes,no,yes,no,no,yes,yes,no,yes,yes,no,low,more_info_needed,high
28,,5.296,Polygon,FIN,FI,Northern Savonia,27.032601414978515,63.055630629471906,ha,False,5.296,0.0,0.0,4.799,0.826,1.416,5.296,0.0,0.0,0.0,0.0,0.0,0.0,0.0,0.0,0.0,0.0,0.0,0.0,0.0,0.0,0.0,0.0,0.0,0.0,0.0,0.0,0.0,0.0,0.0,0.0,0.0,0.0,0.0,0.0,0.0,0.0,0.0,0.0,0.0,0.0,0.0,0.0,0.0,0.0,0.0,0.0,0.0,0.0,0.0,0.0,0.0,0.0,0.0,0.0,0.0,0.0,0.0,0.0,0.0,0.0,0.0,0.0,0.0,0.0,0.0,0.0,0.0,0.119,0.0,0.0,0.0,0.0,0.0,0.0,0.0,0.0,0.0,0.0,0.0,0.0,4.313,0.0,0.0,0.0,0.0,0.0,0.0,0.0,0.0,0.0,0.0,0.0,0.0,0.0,0.0,0.0,0.0,0.0,0.0,0.0,0.0,0.0,0.0,0.0,0.0,0.0,0.0,0.0,0.0,0.0,0.0,0.0,0.0,0.0,0.0,0.0,0.0,0.0,0.0,0.0,0.0,0.0,0.0,0.0,0.0,0.0,0.0,0.0,0.0,0.0,0.0,0.0,0.0,0.0,0.0,0.0,0.0,0.0,0.0,0.0,0.0,4.432,0.0,0.0,0.0,0.0,0.0,0.0,0.0,0.0,,0.0,0.0,0.0,5.294,0.001,0.0,0.0,5.296,5.296,0.0,0.0,0.0,0.0,0.0,,"{'type': 'Polygon', 'coordinates': [[[27.028728000000942, 63.055756999996454], [27.03357700000223, 63.054415000002244], [27.036409000002887, 63.05529999999908], [27.0328900000038, 63.05666099999935], [27.03115200000379, 63.056728999996], [27.028728000000942, 63.055756999996454]]]}",yes,no,yes,no,no,yes,no,no,yes,no,no,low,more_info_needed,low
29,,3.725,Polygon,SWE,SE,Gävleborgs län,15.88211242286438,61.6035665515731,ha,False,3.725,0.0,0.0,3.725,3.273,3.482,3.725,0.0,0.0,0.0,0.0,0.0,0.0,0.0,0.0,0.0,0.0,0.0,0.0,0.0,0.0,0.0,0.0,0.0,0.0,0.0,0.0,0.0,0.0,0.0,0.0,0.0,0.0,0.0,0.0,0.0,0.0,0.0,0.0,0.0,0.0,0.0,0.0,0.0,0.0,0.0,0.0,0.0,0.0,0.0,0.0,0.0,0.0,0.0,0.0,0.0,0.0,0.0,0.0,0.0,0.0,0.0,0.0,0.0,0.0,0.0,0.0,0.0,0.0,0.0,0.0,0.0,0.0,0.0,0.0,0.0,0.011,0.0,0.0,0.0,0.156,0.285,0.0,0.0,0.0,0.0,0.542,0.0,0.0,0.0,0.0,0.0,0.0,0.0,0.0,0.0,0.0,0.0,0.0,0.0,0.0,0.0,0.0,0.0,0.0,0.0,0.0,0.0,0.0,0.0,0.0,0.0,0.0,0.0,0.0,0.0,0.0,0.0,0.0,0.0,0.0,0.0,0.0,0.0,0.0,0.0,0.0,0.0,0.0,0.0,0.0,0.0,0.0,0.0,0.0,0.0,0.0,0.0,0.0,0.0,0.0,0.0,0.452,0.0,0.0,0.0,0.0,0.0,0.542,0.0,0.0,,0.0,0.0,0.0,2.591,1.134,1.092,0.0,3.677,3.582,0.0,0.0,0.0,0.0,0.012,,"{'type': 'Polygon', 'coordinates': [[[15.879170999997157, 61.603876000000305], [15.880629999996552, 61.603458000001666], [15.880394000003982, 61.60309999999901], [15.881252000003078, 61.60275300000175], [15.881466999998402, 61.60291699999735], [15.882088999995947, 61.60276399999817], [15.882475000000921, 61.60290699999652], [15.883870000004006, 61.602508999999536], [15.884879000002115, 61.60360000000443], [15.880802000001793, 61.60463100000436], [15.879170999997157, 61.603876000000305]]]}",yes,no,yes,yes,no,yes,yes,no,yes,no,no,low,high,low
30,,3.014,Polygon,FRA,FR,Nouvelle-Aquitaine,-0.556280866539489,44.460202929990686,ha,False,2.919,0.0,0.0,2.777,0.274,1.149,2.958,0.0,0.0,0.0,0.0,0.0,0.0,0.0,0.0,0.0,0.0,0.0,0.0,0.0,0.0,0.0,0.0,0.0,0.0,0.0,0.0,0.0,0.0,0.0,0.0,0.0,0.0,0.0,0.0,0.0,0.0,0.0,0.0,0.0,0.0,0.0,0.0,0.0,0.0,0.0,0.0,0.0,0.0,0.0,0.0,0.0,0.0,0.0,0.0,0.0,0.0,0.0,0.0,0.0,0.0,0.0,0.0,0.0,0.0,0.0,0.0,1.417,0.0,0.0,0.0,0.159,0.774,0.064,0.0,0.0,0.0,0.0,0.0,0.0,0.0,0.0,0.0,0.0,0.0,0.0,0.0,0.0,0.0,0.0,0.0,0.0,0.0,0.0,0.0,0.0,0.0,0.0,0.0,0.0,0.0,0.0,0.0,0.0,0.0,0.0,0.0,0.0,0.0,0.0,0.0,0.0,0.0,0.0,0.0,0.0,0.0,0.0,0.0,0.0,0.0,0.0,0.0,0.0,0.0,0.0,0.0,0.0,0.0,0.0,0.0,0.0,0.0,0.0,0.0,0.0,0.089,0.0,0.0,0.0,0.0,0.0,2.415,0.0,0.0,0.0,0.0,0.0,0.0,0.089,0.0,,0.0,0.0,0.0,1.712,1.208,1.171,0.0,2.936,2.752,0.0,0.0,0.0,0.0,0.198,,"{'type': 'Polygon', 'coordinates': [[[-0.5582160000030723, 44.46118799999996], [-0.5566600000001468, 44.45924000000054], [-0.5543750000043026, 44.459998000000354], [-0.5543160000039146, 44.460289000001964], [-0.5582160000030723, 44.46118799999996]]]}",yes,no,yes,no,no,yes,yes,no,yes,no,no,low,more_info_needed,low
31,,2.649,Polygon,FRA,FR,Nouvelle-Aquitaine,-0.5210046762982791,44.35783650884549,ha,False,1.876,0.0,0.0,0.271,0.177,0.021,0.005,0.0,0.0,0.0,0.0,0.0,0.0,0.0,0.0,0.0,0.0,0.0,0.0,0.0,0.0,0.0,0.0,0.0,0.0,0.0,0.0,0.0,0.0,0.0,0.0,0.0,0.0,0.0,0.0,0.0,0.0,0.0,0.0,0.0,0.0,0.0,0.0,0.0,0.0,0.0,0.0,0.0,0.0,0.0,0.0,0.0,0.0,0.0,0.0,0.0,0.0,0.0,0.0,0.0,0.0,0.0,0.0,0.0,0.0,0.0,0.0,0.0,0.0,0.0,0.0,0.0,0.0,0.84,0.0,0.245,0.0,0.0,0.0,0.0,1.288,0.084,0.0,0.0,0.0,0.0,0.0,0.0,0.0,0.0,0.0,0.0,0.0,0.0,0.0,0.0,0.0,0.0,0.0,0.0,0.0,0.0,0.0,0.0,0.0,0.0,0.0,0.0,0.0,0.0,0.0,0.0,0.0,0.0,0.0,0.0,0.0,0.0,0.0,0.0,0.0,0.0,0.0,0.0,0.0,0.0,0.0,0.0,0.0,0.0,0.0,0.0,0.0,0.0,0.0,0.0,0.0,0.0,0.0,0.0,0.0,0.0,2.457,0.0,0.0,0.0,0.0,0.0,0.0,0.0,0.0,,0.0,0.0,0.0,0.0,0.097,2.625,0.0,0.087,2.649,0.0,0.0,0.0,2.562,0.0,,"{'type': 'Polygon', 'coordinates': [[[-0.5221400000017979, 44.35853100000324], [-0.521463999999788, 44.356820000000965], [-0.5197959999965825, 44.35714600000098], [-0.5206699999970019, 44.35890299999807], [-0.5221400000017979, 44.35853100000324]]]}",yes,no,yes,no,no,yes,yes,no,yes,yes,no,low,more_info_needed,high
